<?xml version="1.0" encoding="UTF-8"?><TaskRepositories OutputVersion="2"><TaskRepository kind="github" url="https://github.com/eclipse-mylyn/org.eclipse.mylyn/issues" version="unknown" encoding="UTF-8" timezone="Asia/Dubai" org.eclipse.mylyn.tasklist.repositories.proxy.usedefault="true" org.eclipse.mylyn.tasklist.repositories.savePassword="true" org.eclipse.mylyn.tasklist.repositories.httpauth.savePassword="true" org.eclipse.mylyn.tasklist.repositories.proxy.savePassword="true" label="Eclipse Mylyn GutHub Issues" org.eclipse.mylyn.tasklist.repositories.template="true"><Property value="unknown" key="version"/><Property value="UTF-8" key="encoding"/><Property value="Asia/Dubai" key="timezone"/><Property value="true" key="org.eclipse.mylyn.tasklist.repositories.proxy.usedefault"/><Property value="true" key="org.eclipse.mylyn.tasklist.repositories.savePassword"/><Property value="true" key="org.eclipse.mylyn.tasklist.repositories.httpauth.savePassword"/><Property value="true" key="org.eclipse.mylyn.tasklist.repositories.proxy.savePassword"/><Property value="Eclipse Mylyn GutHub Issues" key="label"/><Property value="true" key="org.eclipse.mylyn.tasklist.repositories.template"/></TaskRepository><TaskRepository kind="github" url="https://github.com/eclipse-platform/eclipse.platform/issues" version="unknown" encoding="UTF-8" timezone="Asia/Dubai" org.eclipse.mylyn.tasklist.repositories.proxy.usedefault="true" org.eclipse.mylyn.tasklist.repositories.savePassword="true" org.eclipse.mylyn.tasklist.repositories.httpauth.savePassword="true" org.eclipse.mylyn.tasklist.repositories.proxy.savePassword="true" label="Eclipse Platform GutHub Issues" org.eclipse.mylyn.tasklist.repositories.template="true"><Property value="unknown" key="version"/><Property value="UTF-8" key="encoding"/><Property value="Asia/Dubai" key="timezone"/><Property value="true" key="org.eclipse.mylyn.tasklist.repositories.proxy.usedefault"/><Property value="true" key="org.eclipse.mylyn.tasklist.repositories.savePassword"/><Property value="true" key="org.eclipse.mylyn.tasklist.repositories.httpauth.savePassword"/><Property value="true" key="org.eclipse.mylyn.tasklist.repositories.proxy.savePassword"/><Property value="Eclipse Platform GutHub Issues" key="label"/><Property value="true" key="org.eclipse.mylyn.tasklist.repositories.template"/></TaskRepository><TaskRepository kind="github" url="https://github.com/eclipse-pde/eclipse.pde/issues" version="unknown" encoding="UTF-8" timezone="Asia/Dubai" org.eclipse.mylyn.tasklist.repositories.proxy.usedefault="true" org.eclipse.mylyn.tasklist.repositories.savePassword="true" org.eclipse.mylyn.tasklist.repositories.httpauth.savePassword="true" org.eclipse.mylyn.tasklist.repositories.proxy.savePassword="true" label="Eclipse PDE GutHub Issues" org.eclipse.mylyn.tasklist.repositories.template="true"><Property value="unknown" key="version"/><Property value="UTF-8" key="encoding"/><Property value="Asia/Dubai" key="timezone"/><Property value="true" key="org.eclipse.mylyn.tasklist.repositories.proxy.usedefault"/><Property value="true" key="org.eclipse.mylyn.tasklist.repositories.savePassword"/><Property value="true" key="org.eclipse.mylyn.tasklist.repositories.httpauth.savePassword"/><Property value="true" key="org.eclipse.mylyn.tasklist.repositories.proxy.savePassword"/><Property value="Eclipse PDE GutHub Issues" key="label"/><Property value="true" key="org.eclipse.mylyn.tasklist.repositories.template"/></TaskRepository><TaskRepository kind="local" url="local" version="1" encoding="UTF-8" timezone="Asia/Dubai" org.eclipse.mylyn.tasklist.repositories.proxy.usedefault="true" org.eclipse.mylyn.tasklist.repositories.savePassword="true" org.eclipse.mylyn.tasklist.repositories.httpauth.savePassword="true" org.eclipse.mylyn.tasklist.repositories.proxy.savePassword="true" label="Local" category="org.eclipse.mylyn.category.tasks"><Property value="1" key="version"/><Property value="UTF-8" key="encoding"/><Property value="Asia/Dubai" key="timezone"/><Property value="true" key="org.eclipse.mylyn.tasklist.repositories.proxy.usedefault"/><Property value="true" key="org.eclipse.mylyn.tasklist.repositories.savePassword"/><Property value="true" key="org.eclipse.mylyn.tasklist.repositories.httpauth.savePassword"/><Property value="true" key="org.eclipse.mylyn.tasklist.repositories.proxy.savePassword"/><Property value="Local" key="label"/><Property value="org.eclipse.mylyn.category.tasks" key="category"/></TaskRepository></TaskRepositories>